sku,produit,format,poids_g,prix_demo_cad,prix_detail_cad,prix_gros_cad
AE-AEX-PMA-1KG,Pulpe de madd congelée,Sachet 1 kg,1000,29.99,,
AE-AEX-PMA-500G,Pulpe de madd congelée,Sachet 500 g,500,16.99,,
AE-SNG-ARR-1KG,Arraw,Sachet 1 kg,1000,15.99,,
AE-SNG-ARR-500G,Arraw,Sachet 500 g,500,8.99,,
AE-SNG-BFR-1KG,Bouye-fraise,Sachet 1 kg,1000,28.99,,
AE-SNG-BFR-500G,Bouye-fraise,Sachet 500 g,500,15.99,,
AE-SNG-BIB-1KG,Poudre de bissap blanc,Sachet 1 kg,1000,26.99,,
AE-SNG-BIB-500G,Poudre de bissap blanc,Sachet 500 g,500,14.99,,
AE-SNG-BIR-1KG,Poudre de bissap rouge,Sachet 1 kg,1000,26.99,,
AE-SNG-BIR-500G,Poudre de bissap rouge,Sachet 500 g,500,14.99,,
AE-SNG-BMA-1KG,Bouye-mangue,Sachet 1 kg,1000,28.99,,
AE-SNG-BMA-500G,Bouye-mangue,Sachet 500 g,500,15.99,,
AE-SNG-BME-1KG,Bissap à la menthe,Sachet 1 kg,1000,28.99,,
AE-SNG-BME-500G,Bissap à la menthe,Sachet 500 g,500,15.99,,
AE-SNG-BMS-1KG,Brisure de maïs,Sachet 1 kg,1000,15.99,,
AE-SNG-BMS-500G,Brisure de maïs,Sachet 500 g,500,8.99,,
AE-SNG-BOU-1KG,Poudre de bouye,Sachet 1 kg,1000,26.99,,
AE-SNG-BOU-500G,Poudre de bouye,Sachet 500 g,500,14.99,,
AE-SNG-BSO-1KG,Bouye-solom,Sachet 1 kg,1000,28.99,,
AE-SNG-BSO-500G,Bouye-solom,Sachet 500 g,500,15.99,,
AE-SNG-CAN-1KG,Poudre de cannelle,Sachet 1 kg,1000,32.99,,
AE-SNG-CAN-250G,Poudre de cannelle,Sachet 250 g,250,9.99,,
AE-SNG-CAN-500G,Poudre de cannelle,Sachet 500 g,500,17.99,,
AE-SNG-CANA-100G,Coco ananas,Sachet 100 g,100,5.99,,
AE-SNG-CANA-50G,Coco ananas,Sachet 50 g,50,3.49,,
AE-SNG-CCN-100G,Coco chocolat-noisette,Sachet 100 g,100,5.99,,
AE-SNG-CCN-50G,Coco chocolat-noisette,Sachet 50 g,50,3.49,,
AE-SNG-CFF-100G,Coco fraise-framboise,Sachet 100 g,100,5.99,,
AE-SNG-CFF-50G,Coco fraise-framboise,Sachet 50 g,50,3.49,,
AE-SNG-CGI-100G,Coco gingembre,Sachet 100 g,100,5.99,,
AE-SNG-CGI-50G,Coco gingembre,Sachet 50 g,50,3.49,,
AE-SNG-CLA-100G,Coco au lait,Sachet 100 g,100,5.99,,
AE-SNG-CLA-50G,Coco au lait,Sachet 50 g,50,3.49,,
AE-SNG-CME-100G,Coco menthe,Sachet 100 g,100,5.99,,
AE-SNG-CME-50G,Coco menthe,Sachet 50 g,50,3.49,,
AE-SNG-FON-1KG,Fonio,Sachet 1 kg,1000,15.99,,
AE-SNG-FON-500G,Fonio,Sachet 500 g,500,8.99,,
AE-SNG-GIN-1KG,Poudre de gingembre,Sachet 1 kg,1000,26.99,,
AE-SNG-GIN-500G,Poudre de gingembre,Sachet 500 g,500,14.99,,
AE-SNG-GIR-1KG,Poudre de girofle,Sachet 1 kg,1000,32.99,,
AE-SNG-GIR-250G,Poudre de girofle,Sachet 250 g,250,9.99,,
AE-SNG-GIR-500G,Poudre de girofle,Sachet 500 g,500,17.99,,
AE-SNG-MAD-SACHET,Madd en sachet,Sachet,,7.99,,
AE-SNG-MBO-1KG,Sauce mboum,Sachet 1 kg,1000,24.99,,
AE-SNG-MBO-500G,Sauce mboum,Sachet 500 g,500,13.99,,
AE-SNG-MBX-1KG,Mbaxal Saloum,Sachet 1 kg,1000,24.99,,
AE-SNG-MBX-500G,Mbaxal Saloum,Sachet 500 g,500,13.99,,
AE-SNG-MOR-1KG,Poudre de moringa,Sachet 1 kg,1000,26.99,,
AE-SNG-MOR-500G,Poudre de moringa,Sachet 500 g,500,14.99,,
AE-SNG-MSE-SACHET,Mangue séchée,Sachet,,9.99,,
AE-SNG-NDI-1KG,Ndir (racines de vétiver),Sachet 1 kg,1000,26.99,,
AE-SNG-NDI-500G,Ndir (racines de vétiver),Sachet 500 g,500,14.99,,
AE-SNG-NGA-1KG,Ngalakh instantané,Sachet 1 kg,1000,22.99,,
AE-SNG-NGA-3KG,Ngalakh instantané,Sac 3 kg,3000,59.99,,
AE-SNG-NGO-1KG,Ngourbane,Sachet 1 kg,1000,24.99,,
AE-SNG-NGO-500G,Ngourbane,Sachet 500 g,500,13.99,,
AE-SNG-PCO-1KG,Poudre de petit cola,Sachet 1 kg,1000,32.99,,
AE-SNG-PCO-250G,Poudre de petit cola,Sachet 250 g,250,9.99,,
AE-SNG-PCO-500G,Poudre de petit cola,Sachet 500 g,500,17.99,,
AE-SNG-SAN-1KG,Sankal,Sachet 1 kg,1000,15.99,,
AE-SNG-SAN-500G,Sankal,Sachet 500 g,500,8.99,,
AE-SNG-SOL-1KG,Poudre de solom,Sachet 1 kg,1000,26.99,,
AE-SNG-SOL-500G,Poudre de solom,Sachet 500 g,500,14.99,,
AE-SNG-SOU-1KG,Poudre de souchet,Sachet 1 kg,1000,26.99,,
AE-SNG-SOU-500G,Poudre de souchet,Sachet 500 g,500,14.99,,
AE-SNG-TCO-1KG,Thiakry coco,Sachet 1 kg,1000,15.99,,
AE-SNG-TCO-500G,Thiakry coco,Sachet 500 g,500,8.99,,
AE-SNG-THB-BOX,Thé hibiscus,Boîte,,12.99,,
AE-SNG-THG-BOX,Thé gingembre,Boîte,,12.99,,
AE-SNG-THI-1KG,Thiéré,Sachet 1 kg,1000,15.99,,
AE-SNG-THI-500G,Thiéré,Sachet 500 g,500,8.99,,
AE-SNG-THM-BOX,Thé moringa,Boîte,,12.99,,
AE-SNG-THW-BOX,Thé Wass,Boîte,,12.99,,
AE-SNG-TKR-1KG,Thiakry,Sachet 1 kg,1000,15.99,,
AE-SNG-TKR-500G,Thiakry,Sachet 500 g,500,8.99,,
AE-SNG-TMA-1KG,Thiakry mangue,Sachet 1 kg,1000,15.99,,
AE-SNG-TMA-500G,Thiakry mangue,Sachet 500 g,500,8.99,,
AE-SNG-TOU-1KG,Café Touba,Sachet 1 kg,1000,29.99,,
AE-SNG-TOU-500G,Café Touba,Sachet 500 g,500,16.99,,
AE-SNG-TPA-1KG,Thiakry papaye,Sachet 1 kg,1000,15.99,,
AE-SNG-TPA-500G,Thiakry papaye,Sachet 500 g,500,8.99,,
AE-SNG-WAS-125G,Wass en vrac,Sachet 125 g,125,6.99,,
AE-SNG-WAS-1KG,Wass en vrac,Sachet 1 kg,1000,39.99,,
AE-SNG-WAS-250G,Wass en vrac,Sachet 250 g,250,11.99,,
AE-SNG-WAS-500G,Wass en vrac,Sachet 500 g,500,21.99,,
